Designator,Mid X,Mid Y,Rotation,Layer
CN1,233.28807,-75.335194,270.0,top
J2,229.45,-61.150001,270.0,top
SM3,227.711,-65.786,270.0,bottom
